src,dst,label,weight,color
1,3,e,1,magenta
1,4,e,45,orchid
1,12,e,6,maroon
1,13,e,71,teal
1,16,e,16,indigo
1,24,e,31,salmon
1,28,e,24,violet
1,34,e,51,maroon
1,37,e,74,brown
1,42,e,78,maroon
1,52,e,91,coral
1,64,e,91,coral
1,67,e,85,orchid
1,71,e,79,cyan
1,77,e,67,green
1,83,e,48,orange
1,86,e,81,violet
1,88,e,81,orchid
1,97,e,100,violet
2,15,e,24,turquoise
2,16,e,18,gold
2,18,e,49,brown
2,22,e,49,plum
2,31,e,52,lime
2,32,e,51,red
2,37,e,84,yellow
2,38,e,85,blue
2,42,e,20,cyan
2,53,e,37,blue
2,54,e,13,red
2,60,e,4,indigo
2,63,e,84,salmon
2,69,e,73,plum
2,71,e,96,pink
2,78,e,84,plum
2,88,e,37,maroon
2,92,e,79,turquoise
2,99,e,39,pink
3,2,e,99,gold
3,7,e,94,navy
3,12,e,58,cyan
3,14,e,75,plum
3,23,e,36,blue
3,24,e,72,plum
3,26,e,98,coral
3,28,e,25,brown
3,30,e,83,turquoise
3,33,e,84,pink
3,36,e,65,teal
3,38,e,79,orchid
3,50,e,33,blue
3,59,e,80,cyan
3,60,e,86,plum
3,62,e,88,orange
3,68,e,32,violet
3,75,e,36,pink
3,80,e,23,orange
3,84,e,51,gold
3,85,e,83,yellow
3,87,e,34,maroon
4,2,e,49,maroon
4,7,e,11,purple
4,13,e,79,pink
4,18,e,89,brown
4,19,e,4,orchid
4,20,e,55,purple
4,27,e,86,beige
4,36,e,6,coral
4,38,e,70,cyan
4,39,e,68,coral
4,50,e,61,purple
4,53,e,28,salmon
4,55,e,71,red
4,66,e,72,orchid
4,70,e,82,cyan
4,74,e,88,red
4,78,e,29,gold
4,79,e,63,pink
4,87,e,56,purple
4,96,e,98,magenta
4,97,e,18,indigo
5,19,e,22,navy
5,21,e,15,magenta
5,24,e,12,maroon
5,28,e,71,indigo
5,45,e,67,violet
5,46,e,6,cyan
5,56,e,40,purple
5,66,e,9,pink
5,67,e,57,turquoise
5,73,e,39,violet
5,79,e,67,cyan
5,82,e,86,teal
5,85,e,95,beige
5,89,e,48,gold
5,94,e,8,beige
5,97,e,68,yellow
6,2,e,96,indigo
6,7,e,3,violet
6,11,e,31,red
6,16,e,47,orange
6,20,e,85,violet
6,22,e,32,green
6,25,e,97,yellow
6,26,e,40,navy
6,31,e,57,green
6,33,e,52,magenta
6,35,e,11,teal
6,36,e,98,blue
6,37,e,52,violet
6,42,e,63,beige
6,43,e,82,orange
6,44,e,73,red
6,51,e,69,violet
6,54,e,13,orchid
6,56,e,25,salmon
6,57,e,58,salmon
6,58,e,3,green
6,59,e,46,plum
6,74,e,8,indigo
6,96,e,28,yellow
6,98,e,29,maroon
6,100,e,56,violet
7,5,e,80,magenta
7,13,e,77,orange
7,15,e,88,orange
7,17,e,11,purple
7,18,e,13,violet
7,19,e,94,purple
7,28,e,55,olive
7,31,e,82,magenta
7,33,e,16,orange
7,34,e,56,magenta
7,36,e,51,lime
7,44,e,46,gold
7,63,e,10,indigo
7,64,e,62,blue
7,66,e,60,green
7,69,e,30,teal
7,76,e,87,olive
7,77,e,80,cyan
7,80,e,61,coral
7,89,e,19,cyan
7,99,e,53,silver
8,7,e,34,beige
8,12,e,97,indigo
8,24,e,69,beige
8,34,e,33,violet
8,35,e,95,red
8,39,e,30,cyan
8,52,e,23,blue
8,55,e,14,orange
8,60,e,44,blue
8,64,e,5,yellow
8,71,e,14,silver
8,74,e,88,lime
8,76,e,39,teal
8,79,e,15,blue
8,84,e,29,green
8,87,e,46,turquoise
8,88,e,44,beige
8,94,e,16,cyan
8,97,e,38,yellow
9,5,e,37,red
9,10,e,81,blue
9,11,e,31,maroon
9,16,e,11,navy
9,23,e,49,maroon
9,24,e,54,orange
9,27,e,97,purple
9,38,e,75,coral
9,39,e,25,olive
9,43,e,98,brown
9,44,e,32,teal
9,45,e,38,navy
9,50,e,83,indigo
9,56,e,94,lime
9,57,e,91,silver
9,64,e,29,coral
9,70,e,61,orange
9,71,e,14,cyan
9,73,e,46,magenta
9,76,e,34,silver
9,78,e,35,pink
9,80,e,99,salmon
9,83,e,100,green
9,86,e,45,indigo
9,90,e,14,plum
9,91,e,99,blue
9,93,e,0,turquoise
9,95,e,45,maroon
9,96,e,32,plum
10,6,e,75,blue
10,12,e,26,violet
10,15,e,81,magenta
10,22,e,1,silver
10,27,e,4,lime
10,32,e,87,plum
10,33,e,57,teal
10,36,e,68,navy
10,52,e,26,teal
10,55,e,20,navy
10,56,e,25,plum
10,61,e,69,green
10,63,e,56,navy
10,68,e,90,indigo
10,69,e,41,brown
10,72,e,4,lime
10,74,e,62,olive
10,83,e,66,coral
10,97,e,26,olive
11,1,e,83,silver
11,6,e,69,navy
11,7,e,56,magenta
11,13,e,50,navy
11,14,e,95,brown
11,18,e,2,blue
11,28,e,22,violet
11,29,e,71,violet
11,37,e,60,navy
11,54,e,96,blue
11,57,e,43,teal
11,58,e,8,magenta
11,61,e,19,indigo
11,68,e,34,yellow
11,70,e,56,lime
11,71,e,19,lime
11,75,e,88,beige
11,76,e,35,magenta
11,77,e,20,lime
11,81,e,51,violet
11,83,e,23,teal
11,89,e,47,brown
11,94,e,35,indigo
11,98,e,92,lime
12,4,e,32,red
12,21,e,75,maroon
12,23,e,33,magenta
12,26,e,39,purple
12,33,e,59,silver
12,39,e,68,green
12,40,e,9,silver
12,41,e,40,gold
12,48,e,72,plum
12,51,e,64,coral
12,56,e,73,lime
12,62,e,89,olive
12,68,e,61,teal
12,71,e,22,cyan
12,78,e,0,silver
12,84,e,13,pink
12,86,e,83,beige
12,94,e,72,maroon
13,5,e,67,turquoise
13,7,e,33,turquoise
13,9,e,60,indigo
13,10,e,79,yellow
13,11,e,89,navy
13,14,e,58,orchid
13,16,e,88,gold
13,17,e,88,maroon
13,19,e,56,yellow
13,24,e,49,purple
13,34,e,85,navy
13,37,e,37,indigo
13,45,e,76,green
13,52,e,81,brown
13,58,e,8,purple
13,59,e,47,turquoise
13,62,e,6,pink
13,67,e,68,indigo
13,68,e,66,lime
13,70,e,96,orchid
13,84,e,21,maroon
13,87,e,71,indigo
13,90,e,91,indigo
13,95,e,78,beige
14,13,e,33,brown
14,23,e,44,indigo
14,29,e,0,yellow
14,35,e,89,turquoise
14,48,e,5,teal
14,60,e,95,coral
14,62,e,36,maroon
14,73,e,65,pink
14,76,e,31,orchid
14,82,e,97,orchid
14,90,e,17,orchid
14,95,e,76,orchid
15,8,e,35,blue
15,11,e,44,navy
15,13,e,82,salmon
15,23,e,18,navy
15,33,e,55,orange
15,47,e,4,coral
15,52,e,95,coral
15,60,e,36,magenta
15,61,e,54,lime
15,66,e,82,cyan
15,67,e,18,maroon
15,70,e,63,green
15,73,e,95,brown
15,85,e,60,maroon
15,86,e,83,olive
15,88,e,35,pink
15,99,e,92,magenta
16,5,e,40,cyan
16,6,e,28,violet
16,12,e,35,maroon
16,14,e,95,brown
16,17,e,21,magenta
16,20,e,70,yellow
16,28,e,10,blue
16,33,e,30,yellow
16,36,e,55,salmon
16,44,e,34,magenta
16,73,e,3,brown
16,76,e,52,indigo
16,83,e,98,violet
16,92,e,12,navy
16,94,e,12,gold
16,96,e,14,salmon
17,1,e,67,indigo
17,4,e,3,violet
17,13,e,35,beige
17,16,e,14,orange
17,26,e,27,green
17,31,e,11,red
17,42,e,21,brown
17,49,e,53,olive
17,50,e,72,gold
17,55,e,45,maroon
17,58,e,85,navy
17,71,e,6,lime
17,74,e,87,salmon
17,76,e,89,silver
17,77,e,9,blue
17,79,e,89,purple
17,81,e,57,lime
17,87,e,18,green
17,90,e,99,coral
17,96,e,33,orchid
17,97,e,81,maroon
18,4,e,96,blue
18,19,e,69,cyan
18,27,e,93,yellow
18,29,e,99,red
18,34,e,53,purple
18,37,e,20,blue
18,38,e,49,silver
18,49,e,84,violet
18,52,e,62,salmon
18,55,e,34,cyan
18,56,e,94,turquoise
18,61,e,7,red
18,62,e,68,plum
18,64,e,51,orchid
18,74,e,20,maroon
18,75,e,24,navy
18,85,e,66,magenta
18,91,e,22,cyan
18,92,e,74,lime
18,94,e,59,coral
18,98,e,54,turquoise
18,100,e,42,purple
19,3,e,61,maroon
19,7,e,30,brown
19,9,e,29,brown
19,12,e,16,red
19,13,e,76,brown
19,28,e,19,silver
19,35,e,46,lime
19,40,e,57,orchid
19,45,e,65,purple
19,47,e,66,maroon
19,48,e,64,lime
19,52,e,38,turquoise
19,59,e,5,purple
19,60,e,78,teal
19,61,e,72,orange
19,70,e,94,maroon
19,73,e,77,gold
19,75,e,59,navy
19,83,e,90,indigo
19,86,e,15,plum
19,92,e,94,gold
19,100,e,16,silver
20,1,e,15,plum
20,2,e,6,coral
20,15,e,4,blue
20,17,e,23,blue
20,24,e,87,navy
20,31,e,63,orange
20,34,e,15,navy
20,35,e,23,green
20,37,e,2,turquoise
20,47,e,89,violet
20,48,e,8,pink
20,50,e,85,pink
20,52,e,36,brown
20,66,e,22,green
20,72,e,39,maroon
20,75,e,18,lime
20,76,e,28,maroon
20,77,e,73,beige
20,81,e,67,turquoise
20,85,e,34,lime
20,87,e,92,cyan
20,91,e,37,plum
20,93,e,66,coral
20,100,e,62,red
21,2,e,47,red
21,4,e,47,green
21,5,e,11,olive
21,17,e,84,pink
21,20,e,37,magenta
21,25,e,45,red
21,26,e,73,navy
21,34,e,82,orange
21,35,e,81,gold
21,42,e,73,yellow
21,46,e,86,orchid
21,51,e,14,blue
21,56,e,36,green
21,59,e,64,orange
21,60,e,34,pink
21,67,e,80,beige
21,68,e,97,silver
21,69,e,89,turquoise
21,70,e,63,olive
21,73,e,31,olive
21,74,e,93,indigo
21,82,e,100,yellow
21,85,e,86,orange
22,4,e,8,navy
22,11,e,43,beige
22,21,e,27,blue
22,28,e,95,red
22,30,e,52,silver
22,38,e,7,indigo
22,45,e,8,silver
22,50,e,91,lime
22,51,e,82,pink
22,54,e,88,orange
22,73,e,11,green
22,74,e,82,coral
22,75,e,30,yellow
22,76,e,74,cyan
22,80,e,15,red
22,98,e,2,blue
23,6,e,20,silver
23,16,e,26,violet
23,24,e,12,pink
23,26,e,9,brown
23,32,e,87,pink
23,34,e,81,orchid
23,40,e,12,coral
23,45,e,36,orchid
23,51,e,59,gold
23,53,e,90,salmon
23,54,e,33,navy
23,58,e,87,beige
23,60,e,90,brown
23,70,e,32,purple
23,75,e,56,maroon
23,83,e,11,lime
23,84,e,76,purple
23,90,e,52,violet
23,97,e,72,blue
24,1,e,58,turquoise
24,23,e,64,purple
24,25,e,77,cyan
24,37,e,22,orchid
24,41,e,72,blue
24,47,e,54,turquoise
24,50,e,84,orange
24,56,e,59,brown
24,64,e,33,lime
24,66,e,35,plum
24,69,e,66,orchid
24,71,e,62,brown
24,77,e,30,brown
24,83,e,38,cyan
24,87,e,79,purple
24,96,e,54,violet
25,2,e,67,plum
25,3,e,67,olive
25,5,e,82,indigo
25,14,e,60,indigo
25,23,e,51,maroon
25,30,e,79,brown
25,35,e,96,magenta
25,37,e,49,brown
25,38,e,92,olive
25,44,e,80,navy
25,46,e,71,turquoise
25,60,e,88,turquoise
25,61,e,49,lime
25,67,e,68,brown
25,77,e,84,magenta
25,80,e,74,pink
25,81,e,94,green
25,83,e,29,teal
25,85,e,36,pink
26,7,e,84,navy
26,14,e,72,pink
26,16,e,46,navy
26,17,e,32,coral
26,19,e,50,salmon
26,25,e,12,plum
26,29,e,85,cyan
26,30,e,51,green
26,33,e,98,olive
26,34,e,79,brown
26,38,e,90,blue
26,54,e,80,olive
26,55,e,11,salmon
26,67,e,1,gold
26,69,e,14,yellow
26,72,e,71,navy
26,73,e,99,olive
26,86,e,36,lime
26,87,e,97,orange
26,88,e,17,orchid
26,91,e,9,maroon
26,94,e,36,coral
26,96,e,26,beige
27,10,e,49,gold
27,11,e,74,blue
27,17,e,52,blue
27,22,e,28,orange
27,29,e,65,green
27,34,e,62,cyan
27,41,e,95,lime
27,53,e,30,turquoise
27,54,e,72,magenta
27,59,e,27,plum
27,66,e,94,silver
27,69,e,44,plum
27,70,e,98,yellow
27,79,e,48,beige
27,88,e,51,silver
27,97,e,28,turquoise
27,98,e,82,green
28,4,e,31,magenta
28,20,e,74,green
28,24,e,15,teal
28,37,e,64,cyan
28,50,e,68,magenta
28,54,e,93,salmon
28,55,e,22,red
28,58,e,83,blue
28,70,e,70,orchid
28,75,e,22,beige
28,79,e,61,gold
28,84,e,23,maroon
28,95,e,47,blue
28,100,e,5,navy
29,6,e,23,plum
29,12,e,70,beige
29,21,e,22,turquoise
29,24,e,4,beige
29,32,e,34,teal
29,34,e,16,plum
29,40,e,81,coral
29,48,e,45,maroon
29,51,e,86,blue
29,57,e,29,salmon
29,60,e,81,purple
29,63,e,98,pink
29,74,e,31,brown
29,82,e,35,brown
29,91,e,16,yellow
29,96,e,69,coral
29,99,e,52,salmon
29,100,e,38,olive
30,1,e,79,teal
30,17,e,78,coral
30,20,e,50,brown
30,23,e,44,maroon
30,24,e,50,cyan
30,27,e,94,turquoise
30,35,e,37,red
30,38,e,94,maroon
30,43,e,88,yellow
30,45,e,81,magenta
30,46,e,63,magenta
30,56,e,9,red
30,59,e,51,brown
30,61,e,98,gold
30,70,e,10,orchid
30,73,e,45,orchid
30,74,e,13,red
30,82,e,10,orchid
30,93,e,43,yellow
30,94,e,67,blue
31,13,e,69,lime
31,18,e,47,silver
31,25,e,27,beige
31,28,e,85,turquoise
31,36,e,73,red
31,42,e,27,indigo
31,44,e,13,orchid
31,47,e,11,yellow
31,51,e,92,cyan
31,58,e,37,maroon
31,59,e,31,plum
31,63,e,19,red
31,67,e,85,indigo
31,74,e,50,purple
31,81,e,81,teal
31,82,e,4,plum
31,84,e,40,silver
31,89,e,45,orchid
31,93,e,87,indigo
32,1,e,85,magenta
32,5,e,0,red
32,6,e,26,salmon
32,7,e,81,cyan
32,9,e,42,coral
32,12,e,1,violet
32,17,e,48,green
32,18,e,11,coral
32,29,e,41,cyan
32,34,e,35,pink
32,35,e,46,beige
32,41,e,67,magenta
32,45,e,13,orchid
32,49,e,4,brown
32,64,e,85,coral
32,65,e,79,green
32,71,e,78,turquoise
32,74,e,32,gold
32,80,e,76,gold
32,81,e,36,yellow
32,82,e,1,purple
32,94,e,89,salmon
32,95,e,80,red
32,98,e,32,purple
33,7,e,23,cyan
33,11,e,40,turquoise
33,23,e,95,olive
33,29,e,70,yellow
33,30,e,13,blue
33,31,e,57,brown
33,43,e,92,yellow
33,45,e,76,coral
33,46,e,63,brown
33,47,e,60,silver
33,49,e,84,teal
33,58,e,8,magenta
33,60,e,7,pink
33,62,e,92,yellow
33,69,e,30,lime
33,84,e,49,coral
33,88,e,45,navy
33,91,e,16,blue
33,96,e,12,green
33,98,e,70,gold
34,15,e,44,violet
34,24,e,35,blue
34,37,e,17,brown
34,44,e,53,magenta
34,48,e,71,orchid
34,50,e,85,coral
34,53,e,33,olive
34,59,e,20,yellow
34,61,e,70,cyan
34,62,e,90,yellow
34,65,e,27,maroon
34,67,e,24,red
34,68,e,11,lime
34,69,e,5,gold
34,76,e,25,violet
34,79,e,7,silver
34,83,e,22,yellow
34,89,e,51,navy
34,90,e,44,olive
34,93,e,50,gold
34,99,e,6,coral
35,15,e,89,salmon
35,16,e,38,gold
35,17,e,92,blue
35,23,e,59,coral
35,40,e,41,maroon
35,43,e,65,lime
35,45,e,43,silver
35,56,e,87,gold
35,57,e,52,yellow
35,59,e,2,plum
35,77,e,50,gold
35,88,e,89,purple
35,96,e,7,blue
35,97,e,70,blue
35,100,e,15,violet
36,1,e,26,green
36,5,e,1,salmon
36,6,e,26,pink
36,7,e,3,lime
36,8,e,30,blue
36,11,e,55,maroon
36,18,e,41,pink
36,20,e,86,salmon
36,26,e,86,orchid
36,33,e,97,lime
36,41,e,4,lime
36,52,e,52,silver
36,55,e,54,teal
36,57,e,48,maroon
36,65,e,14,salmon
36,74,e,63,yellow
36,78,e,54,red
36,79,e,38,purple
36,81,e,4,indigo
36,89,e,98,silver
36,91,e,32,silver
36,97,e,20,yellow
36,99,e,94,cyan
37,1,e,72,brown
37,4,e,63,blue
37,19,e,31,navy
37,23,e,42,purple
37,29,e,34,navy
37,51,e,89,brown
37,57,e,34,blue
37,72,e,72,brown
37,74,e,73,silver
37,76,e,14,green
37,88,e,10,turquoise
37,92,e,67,orchid
37,95,e,67,orange
37,100,e,77,beige
38,2,e,23,red
38,7,e,19,red
38,8,e,55,maroon
38,11,e,94,purple
38,14,e,36,teal
38,21,e,75,cyan
38,29,e,69,green
38,35,e,42,orchid
38,36,e,34,turquoise
38,42,e,37,silver
38,44,e,50,turquoise
38,46,e,88,orchid
38,51,e,27,cyan
38,55,e,64,purple
38,56,e,38,magenta
38,90,e,5,turquoise
39,1,e,79,maroon
39,2,e,99,orange
39,11,e,65,turquoise
39,28,e,18,indigo
39,37,e,97,orchid
39,40,e,15,navy
39,41,e,59,plum
39,46,e,87,turquoise
39,52,e,47,navy
39,56,e,58,maroon
39,57,e,63,gold
39,58,e,6,navy
39,60,e,14,indigo
39,63,e,26,plum
39,68,e,62,coral
39,70,e,3,silver
39,71,e,20,indigo
39,80,e,86,gold
39,83,e,45,pink
39,84,e,86,red
39,85,e,50,gold
39,95,e,71,pink
39,99,e,52,pink
40,11,e,78,pink
40,16,e,88,violet
40,17,e,91,purple
40,19,e,78,brown
40,23,e,71,orange
40,28,e,18,red
40,38,e,96,indigo
40,43,e,24,navy
40,46,e,56,blue
40,63,e,80,cyan
40,71,e,33,yellow
40,77,e,52,pink
40,90,e,94,plum
40,92,e,79,cyan
40,96,e,47,blue
40,98,e,74,lime
41,2,e,87,blue
41,3,e,15,brown
41,10,e,100,orange
41,12,e,41,maroon
41,18,e,97,yellow
41,20,e,3,cyan
41,22,e,14,indigo
41,26,e,39,orchid
41,27,e,73,salmon
41,28,e,77,beige
41,30,e,48,brown
41,39,e,35,plum
41,42,e,39,green
41,45,e,98,turquoise
41,50,e,96,orange
41,57,e,73,brown
41,66,e,31,magenta
41,67,e,37,red
41,68,e,41,indigo
41,70,e,38,gold
41,72,e,76,plum
41,73,e,100,lime
41,77,e,23,turquoise
41,86,e,70,indigo
41,94,e,81,yellow
41,96,e,92,orange
41,100,e,71,green
42,3,e,62,indigo
42,4,e,47,olive
42,11,e,46,navy
42,15,e,73,maroon
42,17,e,71,pink
42,20,e,52,orchid
42,25,e,1,gold
42,27,e,44,yellow
42,30,e,85,yellow
42,35,e,57,teal
42,39,e,44,gold
42,43,e,24,lime
42,45,e,63,orange
42,57,e,38,brown
42,58,e,61,purple
42,63,e,88,gold
42,72,e,87,red
42,76,e,4,green
42,81,e,32,green
42,82,e,26,indigo
42,89,e,15,silver
42,90,e,86,magenta
42,92,e,78,yellow
42,95,e,98,gold
42,98,e,54,cyan
43,2,e,98,beige
43,5,e,78,red
43,7,e,68,orange
43,14,e,68,olive
43,19,e,52,turquoise
43,22,e,88,navy
43,23,e,72,blue
43,25,e,60,turquoise
43,38,e,5,orange
43,42,e,10,orange
43,46,e,42,turquoise
43,52,e,34,coral
43,53,e,94,brown
43,57,e,46,cyan
43,63,e,27,blue
43,64,e,58,silver
43,70,e,29,brown
43,74,e,52,blue
43,83,e,93,pink
43,87,e,72,magenta
43,90,e,45,cyan
43,97,e,74,coral
44,3,e,15,maroon
44,7,e,1,olive
44,8,e,52,lime
44,18,e,61,turquoise
44,19,e,23,pink
44,20,e,36,plum
44,25,e,70,gold
44,26,e,73,green
44,32,e,5,pink
44,34,e,1,turquoise
44,49,e,76,indigo
44,51,e,99,orange
44,60,e,71,green
44,61,e,41,magenta
44,63,e,93,brown
44,65,e,23,silver
44,70,e,84,red
44,71,e,82,coral
44,75,e,37,indigo
44,83,e,43,turquoise
44,88,e,46,yellow
44,89,e,4,orange
44,94,e,100,teal
44,96,e,36,yellow
45,4,e,3,coral
45,5,e,94,blue
45,13,e,48,beige
45,14,e,66,green
45,16,e,36,pink
45,18,e,94,brown
45,19,e,13,turquoise
45,23,e,12,cyan
45,30,e,91,purple
45,36,e,75,red
45,41,e,52,pink
45,51,e,96,salmon
45,52,e,96,maroon
45,56,e,48,salmon
45,57,e,12,maroon
45,60,e,30,blue
45,80,e,28,plum
45,83,e,28,navy
45,86,e,37,indigo
45,94,e,51,orchid
45,95,e,100,turquoise
46,8,e,66,magenta
46,10,e,23,blue
46,12,e,49,magenta
46,18,e,41,silver
46,24,e,86,coral
46,26,e,99,maroon
46,27,e,72,cyan
46,35,e,62,salmon
46,39,e,41,plum
46,51,e,79,yellow
46,55,e,13,blue
46,56,e,57,navy
46,57,e,57,indigo
46,62,e,51,lime
46,69,e,13,violet
46,87,e,91,indigo
46,88,e,39,teal
46,92,e,73,brown
46,93,e,87,salmon
46,100,e,9,navy
47,10,e,36,beige
47,12,e,77,beige
47,13,e,12,magenta
47,14,e,49,beige
47,18,e,17,plum
47,22,e,17,silver
47,24,e,8,violet
47,29,e,36,navy
47,30,e,84,red
47,31,e,30,cyan
47,32,e,35,orchid
47,41,e,26,orange
47,46,e,27,coral
47,66,e,18,salmon
47,78,e,80,green
47,85,e,59,plum
47,97,e,82,brown
47,99,e,46,indigo
48,5,e,97,purple
48,11,e,44,turquoise
48,14,e,75,maroon
48,19,e,41,violet
48,21,e,98,cyan
48,25,e,61,teal
48,26,e,5,silver
48,28,e,77,indigo
48,45,e,56,magenta
48,46,e,53,cyan
48,53,e,58,purple
48,60,e,73,silver
48,62,e,60,orange
48,63,e,11,magenta
48,73,e,52,maroon
48,78,e,100,navy
48,82,e,45,plum
48,84,e,7,teal
48,93,e,13,beige
48,100,e,87,cyan
49,3,e,54,cyan
49,5,e,94,gold
49,6,e,1,blue
49,11,e,51,blue
49,13,e,78,maroon
49,20,e,29,yellow
49,21,e,59,plum
49,22,e,19,pink
49,29,e,100,plum
49,33,e,55,orange
49,35,e,20,purple
49,41,e,80,cyan
49,53,e,39,maroon
49,58,e,96,teal
49,59,e,91,olive
49,66,e,50,beige
49,83,e,51,pink
49,84,e,77,indigo
49,88,e,94,olive
49,90,e,14,turquoise
49,95,e,45,magenta
49,96,e,70,indigo
49,99,e,73,plum
50,3,e,2,brown
50,7,e,2,green
50,10,e,46,maroon
50,31,e,48,teal
50,44,e,5,red
50,46,e,6,green
50,52,e,7,orchid
50,54,e,60,violet
50,55,e,90,red
50,57,e,27,red
50,59,e,38,gold
50,64,e,61,gold
50,73,e,27,lime
50,74,e,82,violet
50,80,e,4,pink
50,82,e,9,purple
50,85,e,11,blue
50,87,e,89,maroon
50,89,e,6,plum
50,91,e,47,maroon
50,95,e,70,maroon
50,96,e,76,cyan
50,98,e,85,coral
51,2,e,1,brown
51,3,e,27,maroon
51,14,e,17,olive
51,16,e,7,lime
51,17,e,7,teal
51,18,e,71,cyan
51,26,e,87,blue
51,34,e,8,brown
51,39,e,96,orange
51,43,e,96,beige
51,55,e,4,olive
51,74,e,8,violet
51,82,e,0,violet
51,85,e,27,cyan
51,86,e,57,blue
51,97,e,40,yellow
52,7,e,27,magenta
52,8,e,11,silver
52,10,e,33,beige
52,12,e,5,orchid
52,14,e,72,blue
52,18,e,24,yellow
52,21,e,5,gold
52,23,e,43,purple
52,24,e,50,turquoise
52,26,e,86,olive
52,34,e,6,beige
52,41,e,40,cyan
52,46,e,30,plum
52,54,e,40,lime
52,58,e,81,olive
52,59,e,27,magenta
52,60,e,52,teal
52,63,e,24,magenta
52,66,e,22,violet
52,70,e,28,yellow
52,76,e,90,yellow
52,80,e,21,beige
52,94,e,94,orchid
53,3,e,50,orange
53,6,e,61,navy
53,10,e,57,indigo
53,14,e,76,yellow
53,21,e,39,yellow
53,24,e,99,maroon
53,25,e,15,gold
53,29,e,66,beige
53,32,e,15,brown
53,34,e,28,yellow
53,44,e,21,blue
53,57,e,86,cyan
53,59,e,80,cyan
53,61,e,4,beige
53,70,e,25,silver
53,80,e,70,beige
53,81,e,95,coral
53,83,e,71,cyan
53,84,e,47,salmon
53,86,e,69,lime
53,87,e,53,navy
53,91,e,54,beige
53,97,e,39,coral
53,98,e,81,blue
54,1,e,19,brown
54,7,e,51,green
54,11,e,79,pink
54,13,e,33,olive
54,18,e,0,olive
54,19,e,17,orange
54,23,e,36,turquoise
54,35,e,4,magenta
54,36,e,33,lime
54,43,e,90,turquoise
54,50,e,99,maroon
54,57,e,31,orchid
54,59,e,23,orange
54,60,e,45,purple
54,65,e,89,purple
54,66,e,10,teal
54,73,e,79,magenta
54,74,e,25,turquoise
54,75,e,22,maroon
54,81,e,28,plum
54,88,e,14,purple
55,1,e,11,yellow
55,3,e,18,orange
55,9,e,97,teal
55,10,e,17,pink
55,11,e,73,pink
55,14,e,91,coral
55,15,e,43,purple
55,23,e,10,pink
55,38,e,56,silver
55,42,e,50,lime
55,48,e,5,maroon
55,70,e,18,silver
55,71,e,51,plum
55,73,e,98,lime
55,74,e,91,violet
55,75,e,25,violet
55,80,e,49,red
55,81,e,7,gold
55,82,e,13,salmon
55,85,e,5,magenta
55,86,e,51,violet
55,91,e,79,green
55,96,e,25,turquoise
56,5,e,66,red
56,9,e,13,brown
56,11,e,7,violet
56,12,e,5,beige
56,24,e,21,maroon
56,28,e,73,red
56,33,e,45,beige
56,35,e,65,pink
56,39,e,8,pink
56,43,e,55,navy
56,48,e,11,magenta
56,50,e,85,violet
56,57,e,37,violet
56,59,e,70,silver
56,61,e,91,lime
56,66,e,25,purple
56,91,e,29,cyan
56,94,e,20,green
57,7,e,35,navy
57,9,e,62,coral
57,14,e,48,violet
57,18,e,12,silver
57,20,e,54,coral
57,22,e,12,coral
57,24,e,78,orchid
57,32,e,59,violet
57,48,e,93,beige
57,53,e,3,cyan
57,59,e,6,brown
57,68,e,39,red
57,70,e,21,violet
57,72,e,99,blue
57,76,e,76,blue
57,80,e,1,yellow
57,93,e,52,cyan
57,94,e,57,cyan
57,95,e,28,violet
57,99,e,28,magenta
58,3,e,3,maroon
58,7,e,70,orange
58,9,e,64,maroon
58,11,e,24,silver
58,12,e,81,silver
58,13,e,67,maroon
58,21,e,6,turquoise
58,25,e,90,lime
58,27,e,96,teal
58,28,e,15,olive
58,31,e,61,maroon
58,36,e,40,lime
58,48,e,70,silver
58,51,e,17,pink
58,55,e,77,cyan
58,57,e,94,magenta
58,64,e,50,gold
58,70,e,51,plum
58,76,e,25,brown
58,90,e,92,orange
58,91,e,7,violet
58,92,e,54,teal
58,94,e,13,brown
58,96,e,0,brown
58,99,e,50,beige
58,100,e,31,red
59,1,e,10,brown
59,4,e,29,gold
59,13,e,51,blue
59,15,e,17,turquoise
59,17,e,21,violet
59,22,e,58,pink
59,26,e,56,pink
59,34,e,55,brown
59,36,e,83,olive
59,43,e,88,pink
59,44,e,1,pink
59,46,e,44,green
59,52,e,69,coral
59,63,e,71,green
59,64,e,20,plum
59,66,e,47,red
59,67,e,99,maroon
59,76,e,16,coral
59,96,e,30,coral
60,1,e,64,violet
60,10,e,51,beige
60,12,e,76,green
60,14,e,97,pink
60,16,e,91,silver
60,21,e,16,gold
60,24,e,74,olive
60,25,e,58,brown
60,28,e,46,olive
60,29,e,30,coral
60,34,e,58,navy
60,36,e,92,orchid
60,42,e,76,salmon
60,44,e,4,green
60,48,e,92,pink
60,54,e,87,salmon
60,64,e,92,teal
60,66,e,95,magenta
60,71,e,58,beige
60,74,e,0,magenta
60,76,e,99,brown
60,82,e,5,brown
60,87,e,21,red
60,96,e,92,red
61,3,e,24,salmon
61,10,e,100,pink
61,14,e,7,magenta
61,16,e,37,orange
61,19,e,90,purple
61,26,e,96,orchid
61,28,e,91,indigo
61,30,e,2,coral
61,31,e,81,salmon
61,33,e,13,green
61,37,e,44,orchid
61,42,e,16,olive
61,44,e,28,navy
61,45,e,16,beige
61,46,e,5,teal
61,50,e,63,green
61,51,e,95,indigo
61,59,e,64,olive
61,65,e,23,gold
61,70,e,77,coral
61,71,e,64,maroon
61,74,e,34,teal
61,82,e,47,plum
61,89,e,82,blue
61,100,e,63,lime
62,2,e,86,turquoise
62,4,e,76,teal
62,6,e,37,violet
62,12,e,39,green
62,16,e,8,coral
62,17,e,77,red
62,20,e,32,salmon
62,24,e,38,gold
62,25,e,70,purple
62,27,e,23,beige
62,28,e,14,brown
62,29,e,61,beige
62,30,e,60,lime
62,31,e,86,green
62,32,e,30,yellow
62,49,e,1,indigo
62,54,e,95,orchid
62,61,e,75,pink
62,66,e,36,yellow
62,71,e,43,plum
62,72,e,4,salmon
62,78,e,0,magenta
62,84,e,11,lime
62,88,e,76,turquoise
63,9,e,37,brown
63,12,e,20,orange
63,15,e,16,yellow
63,24,e,52,lime
63,27,e,96,pink
63,28,e,24,green
63,32,e,3,plum
63,36,e,53,gold
63,47,e,31,gold
63,52,e,61,beige
63,59,e,47,turquoise
63,64,e,50,indigo
63,67,e,12,plum
63,79,e,50,olive
63,80,e,36,yellow
63,94,e,37,brown
63,99,e,68,cyan
64,1,e,41,coral
64,4,e,9,plum
64,5,e,87,magenta
64,14,e,70,red
64,18,e,57,orange
64,19,e,19,orchid
64,25,e,48,brown
64,26,e,45,orange
64,28,e,35,orchid
64,32,e,54,salmon
64,43,e,33,violet
64,48,e,80,lime
64,51,e,0,silver
64,69,e,25,olive
64,70,e,38,red
64,73,e,53,blue
64,78,e,84,cyan
64,83,e,45,olive
64,87,e,44,blue
64,91,e,45,coral
65,2,e,25,violet
65,7,e,51,magenta
65,8,e,42,teal
65,9,e,88,turquoise
65,12,e,32,plum
65,16,e,80,lime
65,20,e,93,turquoise
65,23,e,68,maroon
65,28,e,43,orchid
65,32,e,91,teal
65,37,e,16,brown
65,38,e,51,violet
65,40,e,56,gold
65,41,e,29,plum
65,44,e,36,olive
65,45,e,11,orange
65,46,e,23,maroon
65,50,e,67,cyan
65,51,e,72,salmon
65,57,e,88,orange
65,60,e,96,gold
65,64,e,6,beige
65,68,e,37,beige
65,70,e,21,maroon
65,85,e,5,blue
65,94,e,54,coral
65,97,e,50,olive
66,4,e,24,orchid
66,5,e,81,lime
66,14,e,64,orange
66,15,e,32,cyan
66,20,e,12,salmon
66,30,e,91,orange
66,33,e,11,maroon
66,43,e,2,silver
66,46,e,67,teal
66,47,e,86,blue
66,53,e,43,magenta
66,58,e,7,lime
66,59,e,89,gold
66,64,e,78,magenta
66,65,e,24,brown
66,68,e,35,violet
66,72,e,29,plum
66,75,e,81,pink
66,76,e,53,blue
66,79,e,24,blue
66,80,e,89,beige
66,90,e,86,green
66,94,e,6,olive
66,96,e,69,green
67,9,e,21,lime
67,12,e,42,teal
67,17,e,88,coral
67,21,e,30,indigo
67,22,e,2,orange
67,24,e,90,gold
67,27,e,56,violet
67,34,e,40,teal
67,41,e,57,orchid
67,50,e,52,green
67,51,e,39,olive
67,62,e,28,plum
67,65,e,40,purple
67,70,e,25,indigo
67,73,e,64,violet
67,81,e,5,turquoise
67,85,e,9,cyan
67,90,e,22,beige
68,6,e,21,violet
68,13,e,23,blue
68,22,e,53,orchid
68,25,e,10,violet
68,28,e,71,salmon
68,30,e,5,violet
68,35,e,40,gold
68,43,e,88,orchid
68,44,e,45,violet
68,49,e,47,maroon
68,61,e,94,turquoise
68,72,e,98,indigo
68,79,e,86,indigo
68,86,e,74,orchid
68,96,e,65,red
69,2,e,55,violet
69,3,e,62,beige
69,8,e,38,cyan
69,12,e,63,plum
69,20,e,14,magenta
69,22,e,66,maroon
69,26,e,14,beige
69,27,e,36,turquoise
69,29,e,24,olive
69,34,e,50,orchid
69,50,e,19,orange
69,62,e,64,magenta
69,64,e,61,silver
69,66,e,95,cyan
69,68,e,81,violet
69,70,e,41,silver
69,71,e,75,green
69,73,e,82,teal
69,76,e,99,red
69,78,e,3,green
69,92,e,52,beige
70,4,e,18,lime
70,6,e,74,orchid
70,15,e,33,orchid
70,29,e,49,brown
70,37,e,4,orange
70,38,e,64,blue
70,46,e,50,orange
70,52,e,20,purple
70,54,e,71,orchid
70,56,e,13,magenta
70,57,e,3,blue
70,63,e,69,brown
70,66,e,81,lime
70,75,e,34,blue
70,77,e,97,purple
70,82,e,66,green
70,96,e,80,orchid
70,98,e,20,cyan
71,8,e,49,magenta
71,12,e,19,red
71,13,e,42,pink
71,20,e,93,pink
71,26,e,25,salmon
71,34,e,5,magenta
71,37,e,14,maroon
71,38,e,56,navy
71,39,e,72,magenta
71,52,e,73,orchid
71,53,e,12,orchid
71,54,e,95,violet
71,61,e,67,lime
71,67,e,79,green
71,73,e,91,red
71,74,e,45,indigo
71,75,e,73,navy
71,78,e,18,brown
71,81,e,43,plum
71,88,e,32,green
71,91,e,15,olive
72,1,e,10,yellow
72,5,e,35,orange
72,7,e,86,beige
72,8,e,66,yellow
72,12,e,86,beige
72,14,e,44,purple
72,24,e,61,maroon
72,30,e,72,salmon
72,32,e,18,plum
72,36,e,46,maroon
72,43,e,65,silver
72,44,e,49,orchid
72,47,e,59,violet
72,49,e,76,olive
72,54,e,41,green
72,55,e,55,purple
72,56,e,33,blue
72,58,e,18,teal
72,70,e,41,yellow
72,75,e,2,gold
72,77,e,34,olive
72,79,e,48,turquoise
72,81,e,89,orchid
72,82,e,96,brown
72,90,e,100,lime
72,99,e,97,silver
73,1,e,63,navy
73,8,e,51,green
73,9,e,40,turquoise
73,22,e,40,orange
73,32,e,58,teal
73,33,e,7,silver
73,36,e,31,violet
73,39,e,62,silver
73,41,e,57,yellow
73,61,e,47,blue
73,62,e,37,yellow
73,70,e,7,indigo
73,71,e,92,brown
73,76,e,17,yellow
73,78,e,49,silver
73,88,e,77,olive
73,90,e,96,beige
73,91,e,93,pink
73,95,e,15,salmon
73,97,e,84,lime
74,5,e,35,violet
74,7,e,3,gold
74,13,e,0,turquoise
74,14,e,96,green
74,20,e,74,silver
74,30,e,94,yellow
74,34,e,19,red
74,36,e,85,orange
74,42,e,67,cyan
74,49,e,59,plum
74,53,e,91,pink
74,56,e,72,navy
74,64,e,10,turquoise
74,65,e,11,violet
74,75,e,38,red
74,78,e,62,cyan
74,79,e,85,beige
74,81,e,51,maroon
74,86,e,27,teal
74,92,e,18,teal
74,98,e,82,cyan
75,6,e,5,orange
75,7,e,12,coral
75,8,e,3,teal
75,10,e,94,red
75,18,e,49,teal
75,28,e,31,salmon
75,29,e,33,brown
75,32,e,36,coral
75,39,e,24,turquoise
75,43,e,83,cyan
75,46,e,90,coral
75,52,e,91,turquoise
75,59,e,94,magenta
75,67,e,78,magenta
75,71,e,49,maroon
75,77,e,45,cyan
75,83,e,87,teal
75,86,e,83,cyan
75,89,e,58,salmon
75,94,e,41,yellow
75,97,e,32,olive
76,1,e,1,cyan
76,8,e,100,green
76,11,e,85,olive
76,17,e,21,pink
76,19,e,12,gold
76,24,e,9,lime
76,48,e,67,silver
76,49,e,19,gold
76,50,e,69,indigo
76,60,e,31,brown
76,66,e,65,indigo
76,74,e,50,navy
76,78,e,7,magenta
77,1,e,80,purple
77,13,e,11,violet
77,29,e,17,pink
77,32,e,42,purple
77,35,e,27,turquoise
77,36,e,34,green
77,41,e,35,silver
77,45,e,72,purple
77,46,e,77,orange
77,52,e,98,purple
77,55,e,54,maroon
77,63,e,26,brown
77,65,e,85,red
77,68,e,81,indigo
77,82,e,7,brown
77,87,e,6,yellow
77,88,e,92,green
77,91,e,35,maroon
77,95,e,30,olive
77,98,e,23,teal
78,15,e,91,plum
78,24,e,80,lime
78,25,e,95,beige
78,27,e,58,yellow
78,29,e,29,beige
78,32,e,23,purple
78,35,e,32,plum
78,37,e,5,orange
78,38,e,27,teal
78,41,e,92,pink
78,51,e,1,salmon
78,56,e,24,cyan
78,58,e,14,silver
78,66,e,95,orange
78,69,e,44,turquoise
78,74,e,51,coral
78,83,e,72,gold
78,84,e,22,pink
78,87,e,47,plum
78,89,e,24,coral
78,91,e,30,orchid
78,94,e,4,lime
78,100,e,98,brown
79,8,e,86,orchid
79,22,e,75,turquoise
79,28,e,58,cyan
79,31,e,86,turquoise
79,42,e,48,blue
79,43,e,15,violet
79,51,e,93,red
79,61,e,14,blue
79,66,e,10,salmon
79,74,e,19,yellow
79,76,e,50,orange
79,86,e,51,cyan
79,92,e,10,gold
79,96,e,15,plum
79,98,e,51,cyan
80,2,e,68,pink
80,13,e,67,yellow
80,21,e,53,orange
80,23,e,91,maroon
80,24,e,24,plum
80,26,e,19,maroon
80,27,e,67,red
80,29,e,72,salmon
80,33,e,51,orchid
80,39,e,73,salmon
80,48,e,88,violet
80,50,e,75,teal
80,56,e,48,lime
80,57,e,66,teal
80,62,e,17,red
80,68,e,97,orange
80,69,e,3,purple
80,83,e,12,turquoise
80,84,e,62,yellow
80,95,e,28,cyan
81,5,e,61,beige
81,23,e,53,silver
81,35,e,15,cyan
81,40,e,94,turquoise
81,46,e,62,cyan
81,50,e,67,yellow
81,53,e,75,brown
81,54,e,72,cyan
81,69,e,29,violet
81,70,e,57,cyan
81,72,e,92,turquoise
81,74,e,91,orange
81,76,e,85,coral
81,78,e,56,orchid
81,79,e,87,plum
81,89,e,12,beige
81,96,e,48,coral
81,99,e,92,turquoise
82,10,e,100,silver
82,17,e,84,green
82,19,e,72,orchid
82,22,e,11,turquoise
82,24,e,72,teal
82,32,e,4,orange
82,36,e,30,green
82,45,e,6,turquoise
82,54,e,90,purple
82,58,e,0,cyan
82,67,e,5,olive
82,79,e,66,maroon
82,95,e,61,orchid
82,97,e,15,olive
83,1,e,30,beige
83,3,e,79,indigo
83,7,e,17,navy
83,18,e,4,purple
83,19,e,87,navy
83,20,e,14,yellow
83,21,e,94,salmon
83,32,e,29,coral
83,36,e,83,lime
83,37,e,48,green
83,38,e,35,navy
83,44,e,54,orchid
83,49,e,74,gold
83,53,e,86,lime
83,65,e,68,gold
83,67,e,52,lime
83,71,e,73,pink
83,80,e,9,silver
83,85,e,39,green
83,90,e,67,brown
83,91,e,48,orchid
83,94,e,23,blue
84,16,e,95,orchid
84,17,e,79,salmon
84,21,e,85,navy
84,36,e,56,violet
84,39,e,97,pink
84,40,e,94,orchid
84,42,e,57,olive
84,44,e,36,teal
84,51,e,27,navy
84,56,e,46,plum
84,59,e,87,orchid
84,63,e,6,indigo
84,65,e,58,green
84,66,e,44,pink
84,75,e,52,silver
84,83,e,46,olive
84,86,e,36,olive
84,95,e,83,olive
84,96,e,77,magenta
84,100,e,37,beige
85,5,e,66,plum
85,10,e,26,blue
85,13,e,48,navy
85,14,e,97,turquoise
85,21,e,16,orchid
85,29,e,14,pink
85,38,e,99,orange
85,43,e,66,gold
85,45,e,12,pink
85,47,e,99,magenta
85,52,e,11,turquoise
85,53,e,49,violet
85,55,e,27,red
85,56,e,61,yellow
85,63,e,65,cyan
85,65,e,16,turquoise
85,67,e,83,olive
85,72,e,79,orchid
85,79,e,13,navy
85,87,e,40,salmon
85,91,e,23,plum
85,94,e,100,pink
85,96,e,59,salmon
85,98,e,23,turquoise
86,7,e,25,beige
86,9,e,69,yellow
86,12,e,51,orchid
86,17,e,44,salmon
86,19,e,98,plum
86,23,e,58,violet
86,24,e,3,violet
86,30,e,4,maroon
86,34,e,11,gold
86,37,e,65,maroon
86,38,e,19,silver
86,41,e,92,olive
86,66,e,82,turquoise
86,67,e,47,salmon
86,70,e,85,yellow
86,77,e,37,silver
86,79,e,40,violet
86,85,e,31,purple
86,89,e,1,salmon
86,92,e,35,coral
86,93,e,14,gold
86,99,e,0,orange
87,9,e,38,pink
87,13,e,60,cyan
87,24,e,39,coral
87,30,e,64,violet
87,32,e,59,cyan
87,33,e,34,maroon
87,43,e,68,lime
87,47,e,79,blue
87,63,e,88,cyan
87,66,e,74,gold
87,69,e,25,navy
87,70,e,97,blue
87,73,e,1,brown
87,80,e,83,magenta
87,82,e,84,magenta
87,85,e,14,blue
87,92,e,4,orchid
87,96,e,96,turquoise
87,98,e,42,red
88,4,e,40,maroon
88,6,e,98,orchid
88,11,e,97,turquoise
88,21,e,44,silver
88,27,e,16,teal
88,30,e,61,cyan
88,33,e,12,plum
88,36,e,70,plum
88,41,e,96,lime
88,45,e,55,cyan
88,47,e,11,magenta
88,54,e,54,violet
88,60,e,86,indigo
88,68,e,29,turquoise
88,78,e,7,indigo
88,80,e,6,gold
88,85,e,52,green
88,97,e,37,magenta
88,98,e,8,beige
88,100,e,86,teal
89,3,e,85,green
89,5,e,16,maroon
89,9,e,28,silver
89,14,e,63,beige
89,27,e,13,beige
89,31,e,66,red
89,39,e,54,yellow
89,48,e,87,red
89,53,e,82,red
89,55,e,92,indigo
89,63,e,39,teal
89,65,e,38,orange
89,69,e,20,plum
89,73,e,73,pink
89,78,e,36,salmon
89,79,e,82,yellow
89,81,e,33,brown
89,82,e,90,blue
89,85,e,75,orchid
89,90,e,25,magenta
89,92,e,56,pink
90,26,e,98,yellow
90,31,e,88,turquoise
90,39,e,52,navy
90,55,e,47,salmon
90,58,e,20,indigo
90,62,e,88,silver
90,66,e,24,pink
90,77,e,64,teal
90,88,e,69,indigo
90,93,e,74,red
90,97,e,4,navy
91,3,e,96,olive
91,5,e,92,orchid
91,13,e,27,violet
91,18,e,89,olive
91,23,e,68,gold
91,34,e,35,teal
91,37,e,80,orange
91,47,e,28,silver
91,61,e,55,gold
91,63,e,59,red
91,67,e,4,plum
91,70,e,71,salmon
91,77,e,46,orange
91,81,e,1,yellow
91,84,e,26,blue
91,93,e,93,turquoise
91,96,e,33,orange
91,99,e,97,silver
92,17,e,36,salmon
92,36,e,3,red
92,38,e,46,red
92,41,e,80,coral
92,44,e,1,blue
92,45,e,68,pink
92,47,e,32,lime
92,49,e,32,magenta
92,52,e,70,lime
92,57,e,95,orchid
92,58,e,79,cyan
92,59,e,29,pink
92,60,e,73,indigo
92,66,e,29,orange
92,69,e,35,green
92,73,e,50,olive
92,75,e,87,violet
92,81,e,90,orange
92,82,e,9,gold
92,84,e,99,lime
92,86,e,33,pink
92,87,e,88,lime
92,93,e,28,orange
92,95,e,16,turquoise
92,96,e,33,maroon
93,18,e,86,orange
93,19,e,93,magenta
93,24,e,36,olive
93,27,e,80,turquoise
93,38,e,80,navy
93,40,e,61,coral
93,46,e,57,red
93,50,e,21,brown
93,51,e,32,magenta
93,52,e,83,cyan
93,54,e,64,purple
93,58,e,4,orchid
93,64,e,78,maroon
93,68,e,13,green
93,78,e,7,yellow
93,81,e,15,blue
93,82,e,20,brown
93,86,e,84,purple
93,96,e,52,brown
93,97,e,78,salmon
94,6,e,76,pink
94,18,e,60,navy
94,22,e,87,navy
94,26,e,38,beige
94,29,e,57,green
94,33,e,94,gold
94,36,e,21,coral
94,38,e,25,brown
94,39,e,64,gold
94,40,e,97,lime
94,44,e,81,brown
94,50,e,69,violet
94,57,e,61,violet
94,58,e,73,maroon
94,62,e,8,coral
94,65,e,30,yellow
94,66,e,23,beige
94,72,e,88,red
94,76,e,75,coral
94,82,e,61,orange
94,85,e,100,olive
94,92,e,68,brown
94,95,e,82,silver
94,96,e,0,magenta
95,2,e,11,blue
95,3,e,69,green
95,10,e,79,teal
95,14,e,34,brown
95,15,e,95,salmon
95,23,e,23,pink
95,26,e,94,brown
95,28,e,10,gold
95,34,e,66,lime
95,39,e,87,purple
95,42,e,74,purple
95,45,e,98,pink
95,46,e,79,purple
95,51,e,62,brown
95,56,e,63,brown
95,62,e,53,pink
95,63,e,94,teal
95,64,e,22,indigo
95,65,e,52,orange
95,67,e,3,pink
95,68,e,60,brown
95,75,e,80,silver
95,76,e,27,pink
95,77,e,27,orange
95,79,e,10,green
95,84,e,96,lime
95,88,e,46,blue
96,8,e,86,teal
96,15,e,49,olive
96,25,e,9,navy
96,39,e,44,plum
96,41,e,89,salmon
96,55,e,68,pink
96,61,e,12,pink
96,67,e,48,plum
96,73,e,66,navy
96,78,e,91,plum
96,79,e,64,orchid
96,92,e,23,silver
97,2,e,91,brown
97,6,e,14,teal
97,12,e,40,beige
97,18,e,13,gold
97,23,e,23,salmon
97,24,e,77,salmon
97,27,e,38,gold
97,41,e,59,violet
97,44,e,56,indigo
97,49,e,51,orange
97,56,e,29,beige
97,57,e,91,silver
97,59,e,18,maroon
97,63,e,44,red
97,64,e,56,lime
97,65,e,20,yellow
97,67,e,30,indigo
97,70,e,85,olive
97,75,e,74,plum
97,76,e,11,salmon
97,78,e,53,gold
97,79,e,94,navy
97,81,e,6,violet
97,82,e,86,violet
97,84,e,86,orchid
97,95,e,71,salmon
97,96,e,87,plum
98,10,e,13,silver
98,19,e,2,navy
98,27,e,45,violet
98,30,e,88,beige
98,36,e,10,cyan
98,37,e,2,olive
98,38,e,8,olive
98,56,e,43,coral
98,58,e,28,olive
98,65,e,93,purple
98,71,e,46,yellow
98,75,e,52,salmon
98,76,e,39,indigo
98,77,e,63,coral
98,78,e,33,orchid
98,79,e,72,lime
98,80,e,27,maroon
98,83,e,5,yellow
98,88,e,26,maroon
99,4,e,20,lime
99,7,e,67,orange
99,9,e,62,plum
99,11,e,12,salmon
99,12,e,62,navy
99,17,e,64,lime
99,18,e,50,red
99,22,e,13,brown
99,25,e,66,orange
99,40,e,98,blue
99,50,e,0,violet
99,56,e,60,orchid
99,57,e,86,brown
99,58,e,52,maroon
99,67,e,43,red
99,71,e,21,turquoise
99,74,e,6,turquoise
99,81,e,54,olive
99,98,e,16,green
100,1,e,9,plum
100,3,e,8,gold
100,6,e,24,cyan
100,9,e,69,brown
100,14,e,7,turquoise
100,16,e,52,olive
100,19,e,15,magenta
100,23,e,69,red
100,26,e,79,salmon
100,36,e,11,orange
100,37,e,12,gold
100,41,e,80,green
100,42,e,59,olive
100,43,e,8,olive
100,47,e,97,orange
100,56,e,66,maroon
100,63,e,55,brown
100,68,e,5,brown
100,80,e,55,orchid
100,81,e,22,indigo
100,91,e,4,olive
